"Step","seed_42_20260203_074720 - train/loss","seed_42_20260203_074720 - train/loss__MIN","seed_42_20260203_074720 - train/loss__MAX"
"100","0.6664936542510986","0.6664936542510986","0.6664936542510986"
"200","0.5129691958427429","0.5129691958427429","0.5129691958427429"
"300","0.4769653081893921","0.4769653081893921","0.4769653081893921"
"400","0.4064843952655792","0.4064843952655792","0.4064843952655792"
"500","0.42574697732925415","0.42574697732925415","0.42574697732925415"
"600","0.43248623609542847","0.43248623609542847","0.43248623609542847"
"700","0.4603526294231415","0.4603526294231415","0.4603526294231415"
"800","0.39781489968299866","0.39781489968299866","0.39781489968299866"
"900","0.39682161808013916","0.39682161808013916","0.39682161808013916"
"1000","0.43174153566360474","0.43174153566360474","0.43174153566360474"
"1100","0.3625137209892273","0.3625137209892273","0.3625137209892273"
"1200","0.41735315322875977","0.41735315322875977","0.41735315322875977"
"1300","0.3490036129951477","0.3490036129951477","0.3490036129951477"
"1400","0.3875530958175659","0.3875530958175659","0.3875530958175659"
"1500","0.3617260754108429","0.3617260754108429","0.3617260754108429"
"1600","0.3527379631996155","0.3527379631996155","0.3527379631996155"
"1700","0.31905126571655273","0.31905126571655273","0.31905126571655273"
"1800","0.3388022482395172","0.3388022482395172","0.3388022482395172"
"1900","0.3643183708190918","0.3643183708190918","0.3643183708190918"
"2000","0.3305034339427948","0.3305034339427948","0.3305034339427948"
"2100","0.3152015805244446","0.3152015805244446","0.3152015805244446"
"2200","0.32647499442100525","0.32647499442100525","0.32647499442100525"
"2300","0.3332942724227905","0.3332942724227905","0.3332942724227905"
"2400","0.35813915729522705","0.35813915729522705","0.35813915729522705"
"2500","0.3214823603630066","0.3214823603630066","0.3214823603630066"
"2600","0.35501012206077576","0.35501012206077576","0.35501012206077576"
"2700","0.30489251017570496","0.30489251017570496","0.30489251017570496"
"2800","0.37485000491142273","0.37485000491142273","0.37485000491142273"
"2900","0.3424803614616394","0.3424803614616394","0.3424803614616394"
"3000","0.3016090393066406","0.3016090393066406","0.3016090393066406"
"3100","0.33339062333106995","0.33339062333106995","0.33339062333106995"
"3200","0.2981988787651062","0.2981988787651062","0.2981988787651062"
"3300","0.2919711172580719","0.2919711172580719","0.2919711172580719"
"3400","0.34446191787719727","0.34446191787719727","0.34446191787719727"
"3500","0.2878783345222473","0.2878783345222473","0.2878783345222473"
"3600","0.35587480664253235","0.35587480664253235","0.35587480664253235"
"3700","0.3071337938308716","0.3071337938308716","0.3071337938308716"
"3800","0.3140237629413605","0.3140237629413605","0.3140237629413605"
"3900","0.319588303565979","0.319588303565979","0.319588303565979"
"4000","0.2623777389526367","0.2623777389526367","0.2623777389526367"
"4100","0.277312695980072","0.277312695980072","0.277312695980072"
"4200","0.27352410554885864","0.27352410554885864","0.27352410554885864"
"4300","0.2928105592727661","0.2928105592727661","0.2928105592727661"
"4400","0.2797580361366272","0.2797580361366272","0.2797580361366272"
"4500","0.3280608654022217","0.3280608654022217","0.3280608654022217"
"4600","0.3205639123916626","0.3205639123916626","0.3205639123916626"
"4700","0.27182936668395996","0.27182936668395996","0.27182936668395996"
"4800","0.3144172132015228","0.3144172132015228","0.3144172132015228"
"4900","0.29690882563591003","0.29690882563591003","0.29690882563591003"
"5000","0.32073092460632324","0.32073092460632324","0.32073092460632324"
"5100","0.32978108525276184","0.32978108525276184","0.32978108525276184"
"5200","0.2999970316886902","0.2999970316886902","0.2999970316886902"
"5300","0.2515636384487152","0.2515636384487152","0.2515636384487152"
"5400","0.3211960196495056","0.3211960196495056","0.3211960196495056"
"5500","0.2712334394454956","0.2712334394454956","0.2712334394454956"
"5600","0.29530632495880127","0.29530632495880127","0.29530632495880127"
"5700","0.2864443063735962","0.2864443063735962","0.2864443063735962"
"5800","0.29115331172943115","0.29115331172943115","0.29115331172943115"
"5900","0.25364696979522705","0.25364696979522705","0.25364696979522705"
"6000","0.281342089176178","0.281342089176178","0.281342089176178"
"6100","0.280910849571228","0.280910849571228","0.280910849571228"
"6200","0.2804179787635803","0.2804179787635803","0.2804179787635803"
"6300","0.31505849957466125","0.31505849957466125","0.31505849957466125"
"6400","0.2693260908126831","0.2693260908126831","0.2693260908126831"
"6500","0.28051072359085083","0.28051072359085083","0.28051072359085083"
"6600","0.3175349831581116","0.3175349831581116","0.3175349831581116"
"6700","0.25070542097091675","0.25070542097091675","0.25070542097091675"
"6800","0.2957606613636017","0.2957606613636017","0.2957606613636017"
"6900","0.27399569749832153","0.27399569749832153","0.27399569749832153"
"7000","0.33621740341186523","0.33621740341186523","0.33621740341186523"
"7100","0.33369746804237366","0.33369746804237366","0.33369746804237366"
"7200","0.28840452432632446","0.28840452432632446","0.28840452432632446"
"7300","0.30100804567337036","0.30100804567337036","0.30100804567337036"
"7400","0.2515582740306854","0.2515582740306854","0.2515582740306854"
"7500","0.24767467379570007","0.24767467379570007","0.24767467379570007"
"7600","0.27489131689071655","0.27489131689071655","0.27489131689071655"
"7700","0.2682589292526245","0.2682589292526245","0.2682589292526245"
"7800","0.2870335578918457","0.2870335578918457","0.2870335578918457"
"7900","0.24725386500358582","0.24725386500358582","0.24725386500358582"
"8000","0.26305845379829407","0.26305845379829407","0.26305845379829407"
"8100","0.29891765117645264","0.29891765117645264","0.29891765117645264"
"8200","0.2715270519256592","0.2715270519256592","0.2715270519256592"
"8300","0.2708836793899536","0.2708836793899536","0.2708836793899536"
"8400","0.27927058935165405","0.27927058935165405","0.27927058935165405"
"8500","0.25612175464630127","0.25612175464630127","0.25612175464630127"
"8600","0.2435188740491867","0.2435188740491867","0.2435188740491867"
"8700","0.28176695108413696","0.28176695108413696","0.28176695108413696"
"8800","0.24429936707019806","0.24429936707019806","0.24429936707019806"
"8900","0.2829165458679199","0.2829165458679199","0.2829165458679199"
"9000","0.2638219892978668","0.2638219892978668","0.2638219892978668"
"9100","0.28067857027053833","0.28067857027053833","0.28067857027053833"
"9200","0.2845928966999054","0.2845928966999054","0.2845928966999054"
"9300","0.23919877409934998","0.23919877409934998","0.23919877409934998"
"9400","0.2551969885826111","0.2551969885826111","0.2551969885826111"
"9500","0.27048295736312866","0.27048295736312866","0.27048295736312866"
"9600","0.24446451663970947","0.24446451663970947","0.24446451663970947"
"9700","0.24750418961048126","0.24750418961048126","0.24750418961048126"
"9800","0.2978961169719696","0.2978961169719696","0.2978961169719696"
"9900","0.2347002923488617","0.2347002923488617","0.2347002923488617"
"10000","0.2351403832435608","0.2351403832435608","0.2351403832435608"
"10100","0.27453508973121643","0.27453508973121643","0.27453508973121643"
"10200","0.23702794313430786","0.23702794313430786","0.23702794313430786"
"10300","0.2701815664768219","0.2701815664768219","0.2701815664768219"
"10400","0.2285318672657013","0.2285318672657013","0.2285318672657013"
"10500","0.26190200448036194","0.26190200448036194","0.26190200448036194"
"10600","0.2695854902267456","0.2695854902267456","0.2695854902267456"
"10700","0.25110945105552673","0.25110945105552673","0.25110945105552673"
"10800","0.25199073553085327","0.25199073553085327","0.25199073553085327"
"10900","0.25975584983825684","0.25975584983825684","0.25975584983825684"
"11000","0.22441932559013367","0.22441932559013367","0.22441932559013367"
"11100","0.23925542831420898","0.23925542831420898","0.23925542831420898"
"11200","0.23897826671600342","0.23897826671600342","0.23897826671600342"
"11300","0.27080053091049194","0.27080053091049194","0.27080053091049194"
"11400","0.273968905210495","0.273968905210495","0.273968905210495"
"11500","0.2551327049732208","0.2551327049732208","0.2551327049732208"
"11600","0.24870431423187256","0.24870431423187256","0.24870431423187256"
"11700","0.23475627601146698","0.23475627601146698","0.23475627601146698"
"11800","0.2561778724193573","0.2561778724193573","0.2561778724193573"
"11900","0.28909236192703247","0.28909236192703247","0.28909236192703247"
"12000","0.2651650905609131","0.2651650905609131","0.2651650905609131"
"12100","0.20979979634284973","0.20979979634284973","0.20979979634284973"
"12200","0.23005323112010956","0.23005323112010956","0.23005323112010956"
"12300","0.27312684059143066","0.27312684059143066","0.27312684059143066"
"12400","0.24743476510047913","0.24743476510047913","0.24743476510047913"
"12500","0.27807584404945374","0.27807584404945374","0.27807584404945374"
"12600","0.2758893072605133","0.2758893072605133","0.2758893072605133"
"12700","0.23452766239643097","0.23452766239643097","0.23452766239643097"
"12800","0.24722199141979218","0.24722199141979218","0.24722199141979218"
"12900","0.25147587060928345","0.25147587060928345","0.25147587060928345"
"13000","0.26835015416145325","0.26835015416145325","0.26835015416145325"
"13100","0.24798406660556793","0.24798406660556793","0.24798406660556793"
"13200","0.27123844623565674","0.27123844623565674","0.27123844623565674"
"13300","0.2613333761692047","0.2613333761692047","0.2613333761692047"
"13400","0.20524179935455322","0.20524179935455322","0.20524179935455322"
"13500","0.27788248658180237","0.27788248658180237","0.27788248658180237"
"13600","0.2795507311820984","0.2795507311820984","0.2795507311820984"
"13700","0.26612865924835205","0.26612865924835205","0.26612865924835205"
"13800","0.2305532842874527","0.2305532842874527","0.2305532842874527"
"13900","0.2598065733909607","0.2598065733909607","0.2598065733909607"
"14000","0.22817060351371765","0.22817060351371765","0.22817060351371765"
"14100","0.2605259418487549","0.2605259418487549","0.2605259418487549"
"14200","0.2641925513744354","0.2641925513744354","0.2641925513744354"
"14300","0.28316542506217957","0.28316542506217957","0.28316542506217957"
"14400","0.29785311222076416","0.29785311222076416","0.29785311222076416"
"14500","0.278158962726593","0.278158962726593","0.278158962726593"
"14600","0.2918025851249695","0.2918025851249695","0.2918025851249695"
"14700","0.20949247479438782","0.20949247479438782","0.20949247479438782"
"14800","0.3083522617816925","0.3083522617816925","0.3083522617816925"
"14900","0.27420249581336975","0.27420249581336975","0.27420249581336975"
"15000","0.280285120010376","0.280285120010376","0.280285120010376"
"15100","0.25572317838668823","0.25572317838668823","0.25572317838668823"
"15200","0.24952274560928345","0.24952274560928345","0.24952274560928345"
"15300","0.22575125098228455","0.22575125098228455","0.22575125098228455"
"15400","0.2143888622522354","0.2143888622522354","0.2143888622522354"
"15500","0.2599233388900757","0.2599233388900757","0.2599233388900757"
"15600","0.25588586926460266","0.25588586926460266","0.25588586926460266"
"15700","0.245444655418396","0.245444655418396","0.245444655418396"
"15800","0.2700585722923279","0.2700585722923279","0.2700585722923279"
"15900","0.24372729659080505","0.24372729659080505","0.24372729659080505"
"16000","0.23502177000045776","0.23502177000045776","0.23502177000045776"
"16100","0.3210847079753876","0.3210847079753876","0.3210847079753876"
"16200","0.2358635663986206","0.2358635663986206","0.2358635663986206"
"16300","0.24117471277713776","0.24117471277713776","0.24117471277713776"
"16400","0.2117658406496048","0.2117658406496048","0.2117658406496048"
"16500","0.20222443342208862","0.20222443342208862","0.20222443342208862"
"16600","0.26201367378234863","0.26201367378234863","0.26201367378234863"
"16700","0.26842814683914185","0.26842814683914185","0.26842814683914185"
"16800","0.23074568808078766","0.23074568808078766","0.23074568808078766"
"16900","0.22167137265205383","0.22167137265205383","0.22167137265205383"
"17000","0.23438018560409546","0.23438018560409546","0.23438018560409546"
"17100","0.249677836894989","0.249677836894989","0.249677836894989"
"17200","0.25849834084510803","0.25849834084510803","0.25849834084510803"
"17300","0.2371406853199005","0.2371406853199005","0.2371406853199005"
"17400","0.22051803767681122","0.22051803767681122","0.22051803767681122"
"17500","0.2342619001865387","0.2342619001865387","0.2342619001865387"
"17600","0.24298401176929474","0.24298401176929474","0.24298401176929474"
"17700","0.2296675145626068","0.2296675145626068","0.2296675145626068"
"17800","0.2846284508705139","0.2846284508705139","0.2846284508705139"
"17900","0.20438659191131592","0.20438659191131592","0.20438659191131592"
"18000","0.2658115029335022","0.2658115029335022","0.2658115029335022"
"18100","0.20614111423492432","0.20614111423492432","0.20614111423492432"
"18200","0.19938278198242188","0.19938278198242188","0.19938278198242188"
"18300","0.27576136589050293","0.27576136589050293","0.27576136589050293"
"18400","0.22073844075202942","0.22073844075202942","0.22073844075202942"
"18500","0.23980852961540222","0.23980852961540222","0.23980852961540222"
"18600","0.26025187969207764","0.26025187969207764","0.26025187969207764"
"18700","0.28692492842674255","0.28692492842674255","0.28692492842674255"
"18800","0.2585286498069763","0.2585286498069763","0.2585286498069763"
"18900","0.20665252208709717","0.20665252208709717","0.20665252208709717"
"19000","0.25835877656936646","0.25835877656936646","0.25835877656936646"
"19100","0.22783376276493073","0.22783376276493073","0.22783376276493073"
"19200","0.21235930919647217","0.21235930919647217","0.21235930919647217"
"19300","0.24400201439857483","0.24400201439857483","0.24400201439857483"
"19400","0.21223533153533936","0.21223533153533936","0.21223533153533936"
"19500","0.22909295558929443","0.22909295558929443","0.22909295558929443"
"19600","0.22700245678424835","0.22700245678424835","0.22700245678424835"
"19700","0.2340986430644989","0.2340986430644989","0.2340986430644989"
"19800","0.2253543883562088","0.2253543883562088","0.2253543883562088"
"19900","0.2313973605632782","0.2313973605632782","0.2313973605632782"
"20000","0.2135912925004959","0.2135912925004959","0.2135912925004959"
"20100","0.22814778983592987","0.22814778983592987","0.22814778983592987"
"20200","0.22842834889888763","0.22842834889888763","0.22842834889888763"
"20300","0.2366352677345276","0.2366352677345276","0.2366352677345276"
"20400","0.18157069385051727","0.18157069385051727","0.18157069385051727"
"20500","0.21614304184913635","0.21614304184913635","0.21614304184913635"
"20600","0.2240188717842102","0.2240188717842102","0.2240188717842102"
"20700","0.2073775827884674","0.2073775827884674","0.2073775827884674"
"20800","0.24524615705013275","0.24524615705013275","0.24524615705013275"
"20900","0.24924656748771667","0.24924656748771667","0.24924656748771667"
"21000","0.21749386191368103","0.21749386191368103","0.21749386191368103"
"21100","0.2608456015586853","0.2608456015586853","0.2608456015586853"
"21200","0.23413221538066864","0.23413221538066864","0.23413221538066864"
"21300","0.22433415055274963","0.22433415055274963","0.22433415055274963"
"21400","0.23104557394981384","0.23104557394981384","0.23104557394981384"
"21500","0.22831255197525024","0.22831255197525024","0.22831255197525024"
"21600","0.2390350103378296","0.2390350103378296","0.2390350103378296"
"21700","0.21699443459510803","0.21699443459510803","0.21699443459510803"
"21800","0.2080644965171814","0.2080644965171814","0.2080644965171814"
"21900","0.19100421667099","0.19100421667099","0.19100421667099"
"22000","0.23631803691387177","0.23631803691387177","0.23631803691387177"
"22100","0.2197103649377823","0.2197103649377823","0.2197103649377823"
"22200","0.23949304223060608","0.23949304223060608","0.23949304223060608"
"22300","0.24296502768993378","0.24296502768993378","0.24296502768993378"
"22400","0.19494643807411194","0.19494643807411194","0.19494643807411194"
"22500","0.23208904266357422","0.23208904266357422","0.23208904266357422"
"22600","0.1928778439760208","0.1928778439760208","0.1928778439760208"
"22700","0.2466563880443573","0.2466563880443573","0.2466563880443573"
"22800","0.2491370290517807","0.2491370290517807","0.2491370290517807"
"22900","0.1968172788619995","0.1968172788619995","0.1968172788619995"
"23000","0.23668920993804932","0.23668920993804932","0.23668920993804932"
"23100","0.20117783546447754","0.20117783546447754","0.20117783546447754"
"23200","0.1994287669658661","0.1994287669658661","0.1994287669658661"
"23300","0.23158568143844604","0.23158568143844604","0.23158568143844604"
"23400","0.2027236521244049","0.2027236521244049","0.2027236521244049"
"23500","0.20700260996818542","0.20700260996818542","0.20700260996818542"
"23600","0.21456946432590485","0.21456946432590485","0.21456946432590485"
"23700","0.28023776412010193","0.28023776412010193","0.28023776412010193"
"23800","0.20177319645881653","0.20177319645881653","0.20177319645881653"
"23900","0.20573100447654724","0.20573100447654724","0.20573100447654724"
"24000","0.1965789496898651","0.1965789496898651","0.1965789496898651"
"24100","0.168914794921875","0.168914794921875","0.168914794921875"
"24200","0.23987694084644318","0.23987694084644318","0.23987694084644318"
"24300","0.2260165810585022","0.2260165810585022","0.2260165810585022"
"24400","0.22739717364311218","0.22739717364311218","0.22739717364311218"
"24500","0.2438720166683197","0.2438720166683197","0.2438720166683197"
"24600","0.2177955061197281","0.2177955061197281","0.2177955061197281"
"24700","0.20202675461769104","0.20202675461769104","0.20202675461769104"
"24800","0.2075348198413849","0.2075348198413849","0.2075348198413849"
"24900","0.2458493560552597","0.2458493560552597","0.2458493560552597"
"25000","0.19358259439468384","0.19358259439468384","0.19358259439468384"
"25100","0.1821780502796173","0.1821780502796173","0.1821780502796173"
"25200","0.2185671478509903","0.2185671478509903","0.2185671478509903"
"25300","0.21006381511688232","0.21006381511688232","0.21006381511688232"
"25400","0.19590693712234497","0.19590693712234497","0.19590693712234497"
"25500","0.1930939257144928","0.1930939257144928","0.1930939257144928"
"25600","0.22595441341400146","0.22595441341400146","0.22595441341400146"
"25700","0.23363763093948364","0.23363763093948364","0.23363763093948364"
"25800","0.2083888053894043","0.2083888053894043","0.2083888053894043"
"25900","0.17587146162986755","0.17587146162986755","0.17587146162986755"
"26000","0.23579365015029907","0.23579365015029907","0.23579365015029907"
"26100","0.20583008229732513","0.20583008229732513","0.20583008229732513"
"26200","0.2051551192998886","0.2051551192998886","0.2051551192998886"
"26300","0.2517075836658478","0.2517075836658478","0.2517075836658478"
"26400","0.1876826286315918","0.1876826286315918","0.1876826286315918"
"26500","0.2020939290523529","0.2020939290523529","0.2020939290523529"
"26600","0.21994611620903015","0.21994611620903015","0.21994611620903015"
"26700","0.23435837030410767","0.23435837030410767","0.23435837030410767"
"26800","0.17484155297279358","0.17484155297279358","0.17484155297279358"
"26900","0.26290416717529297","0.26290416717529297","0.26290416717529297"
"27000","0.19495221972465515","0.19495221972465515","0.19495221972465515"
"27100","0.19239962100982666","0.19239962100982666","0.19239962100982666"
"27200","0.19566023349761963","0.19566023349761963","0.19566023349761963"
"27300","0.19672730565071106","0.19672730565071106","0.19672730565071106"
"27400","0.17624162137508392","0.17624162137508392","0.17624162137508392"
"27500","0.19021672010421753","0.19021672010421753","0.19021672010421753"
"27600","0.2232239842414856","0.2232239842414856","0.2232239842414856"
"27700","0.2273695170879364","0.2273695170879364","0.2273695170879364"
"27800","0.24420160055160522","0.24420160055160522","0.24420160055160522"
"27900","0.19072946906089783","0.19072946906089783","0.19072946906089783"
"28000","0.2567996084690094","0.2567996084690094","0.2567996084690094"
"28100","0.19185930490493774","0.19185930490493774","0.19185930490493774"
"28200","0.22308135032653809","0.22308135032653809","0.22308135032653809"
"28300","0.21672900021076202","0.21672900021076202","0.21672900021076202"
"28400","0.22278505563735962","0.22278505563735962","0.22278505563735962"
"28500","0.19231104850769043","0.19231104850769043","0.19231104850769043"
"28600","0.22495144605636597","0.22495144605636597","0.22495144605636597"
"28700","0.25292959809303284","0.25292959809303284","0.25292959809303284"
"28800","0.20052394270896912","0.20052394270896912","0.20052394270896912"
"28900","0.21463818848133087","0.21463818848133087","0.21463818848133087"
"29000","0.21983130276203156","0.21983130276203156","0.21983130276203156"
"29100","0.19279161095619202","0.19279161095619202","0.19279161095619202"
"29200","0.20555701851844788","0.20555701851844788","0.20555701851844788"
"29300","0.16864776611328125","0.16864776611328125","0.16864776611328125"
"29400","0.2007337361574173","0.2007337361574173","0.2007337361574173"
"29500","0.1891559511423111","0.1891559511423111","0.1891559511423111"
"29600","0.24205216765403748","0.24205216765403748","0.24205216765403748"
"29700","0.2423706352710724","0.2423706352710724","0.2423706352710724"
"29800","0.23537392914295197","0.23537392914295197","0.23537392914295197"
"29900","0.21683889627456665","0.21683889627456665","0.21683889627456665"
"30000","0.18001613020896912","0.18001613020896912","0.18001613020896912"
"30100","0.2153881937265396","0.2153881937265396","0.2153881937265396"
"30200","0.20033013820648193","0.20033013820648193","0.20033013820648193"
"30300","0.212556391954422","0.212556391954422","0.212556391954422"
"30400","0.2128729373216629","0.2128729373216629","0.2128729373216629"
"30500","0.21544213593006134","0.21544213593006134","0.21544213593006134"
"30600","0.2328171581029892","0.2328171581029892","0.2328171581029892"
"30700","0.20916205644607544","0.20916205644607544","0.20916205644607544"
"30800","0.20301386713981628","0.20301386713981628","0.20301386713981628"
"30900","0.2015371322631836","0.2015371322631836","0.2015371322631836"
"31000","0.24786515533924103","0.24786515533924103","0.24786515533924103"
"31100","0.20363396406173706","0.20363396406173706","0.20363396406173706"
"31200","0.17525064945220947","0.17525064945220947","0.17525064945220947"
"31300","0.21318909525871277","0.21318909525871277","0.21318909525871277"
"31400","0.19891032576560974","0.19891032576560974","0.19891032576560974"
"31500","0.17618954181671143","0.17618954181671143","0.17618954181671143"
"31600","0.25298625230789185","0.25298625230789185","0.25298625230789185"
"31700","0.18761807680130005","0.18761807680130005","0.18761807680130005"
"31800","0.24901580810546875","0.24901580810546875","0.24901580810546875"
"31900","0.2078932523727417","0.2078932523727417","0.2078932523727417"
"32000","0.21443979442119598","0.21443979442119598","0.21443979442119598"
"32100","0.21661005914211273","0.21661005914211273","0.21661005914211273"
"32200","0.18982765078544617","0.18982765078544617","0.18982765078544617"
"32300","0.19340543448925018","0.19340543448925018","0.19340543448925018"
"32400","0.21347495913505554","0.21347495913505554","0.21347495913505554"
"32500","0.22957919538021088","0.22957919538021088","0.22957919538021088"
"32600","0.19745630025863647","0.19745630025863647","0.19745630025863647"
"32700","0.16957905888557434","0.16957905888557434","0.16957905888557434"
"32800","0.2623799443244934","0.2623799443244934","0.2623799443244934"
"32900","0.21880817413330078","0.21880817413330078","0.21880817413330078"
"33000","0.23747004568576813","0.23747004568576813","0.23747004568576813"
"33100","0.19192048907279968","0.19192048907279968","0.19192048907279968"
"33200","0.18300332129001617","0.18300332129001617","0.18300332129001617"
"33300","0.19892975687980652","0.19892975687980652","0.19892975687980652"
"33400","0.22055859863758087","0.22055859863758087","0.22055859863758087"
"33500","0.1985265165567398","0.1985265165567398","0.1985265165567398"
"33600","0.19731417298316956","0.19731417298316956","0.19731417298316956"
"33700","0.1974298655986786","0.1974298655986786","0.1974298655986786"
"33800","0.19299139082431793","0.19299139082431793","0.19299139082431793"
"33900","0.2087143063545227","0.2087143063545227","0.2087143063545227"
"34000","0.20490063726902008","0.20490063726902008","0.20490063726902008"
"34100","0.19905956089496613","0.19905956089496613","0.19905956089496613"
"34200","0.15116149187088013","0.15116149187088013","0.15116149187088013"
"34300","0.2073461413383484","0.2073461413383484","0.2073461413383484"
"34400","0.20322465896606445","0.20322465896606445","0.20322465896606445"
"34500","0.2237575650215149","0.2237575650215149","0.2237575650215149"
"34600","0.20236143469810486","0.20236143469810486","0.20236143469810486"
"34700","0.18425625562667847","0.18425625562667847","0.18425625562667847"
"34800","0.2275775969028473","0.2275775969028473","0.2275775969028473"
"34900","0.22943146526813507","0.22943146526813507","0.22943146526813507"
"35000","0.13619713485240936","0.13619713485240936","0.13619713485240936"
"35100","0.20511305332183838","0.20511305332183838","0.20511305332183838"
"35200","0.19908377528190613","0.19908377528190613","0.19908377528190613"
"35300","0.2284461259841919","0.2284461259841919","0.2284461259841919"
"35400","0.22453942894935608","0.22453942894935608","0.22453942894935608"
"35500","0.1863698810338974","0.1863698810338974","0.1863698810338974"
"35600","0.2106829732656479","0.2106829732656479","0.2106829732656479"
"35700","0.22442132234573364","0.22442132234573364","0.22442132234573364"
"35800","0.1802884042263031","0.1802884042263031","0.1802884042263031"
"35900","0.23124340176582336","0.23124340176582336","0.23124340176582336"
"36000","0.2037070095539093","0.2037070095539093","0.2037070095539093"
"36100","0.23087531328201294","0.23087531328201294","0.23087531328201294"
"36200","0.20002076029777527","0.20002076029777527","0.20002076029777527"
"36300","0.24929708242416382","0.24929708242416382","0.24929708242416382"
"36400","0.19453728199005127","0.19453728199005127","0.19453728199005127"
"36500","0.2329636514186859","0.2329636514186859","0.2329636514186859"
"36600","0.18646764755249023","0.18646764755249023","0.18646764755249023"
"36700","0.21450860798358917","0.21450860798358917","0.21450860798358917"
"36800","0.18452313542366028","0.18452313542366028","0.18452313542366028"
"36900","0.19292980432510376","0.19292980432510376","0.19292980432510376"
"37000","0.23462963104248047","0.23462963104248047","0.23462963104248047"
"37100","0.2403656244277954","0.2403656244277954","0.2403656244277954"
"37200","0.17867182195186615","0.17867182195186615","0.17867182195186615"
"37300","0.1930217444896698","0.1930217444896698","0.1930217444896698"
"37400","0.19512104988098145","0.19512104988098145","0.19512104988098145"
"37500","0.21000313758850098","0.21000313758850098","0.21000313758850098"
"37600","0.16923639178276062","0.16923639178276062","0.16923639178276062"
"37700","0.18154588341712952","0.18154588341712952","0.18154588341712952"
"37800","0.1602863073348999","0.1602863073348999","0.1602863073348999"
"37900","0.191949725151062","0.191949725151062","0.191949725151062"
"38000","0.2144911140203476","0.2144911140203476","0.2144911140203476"
"38100","0.2086615264415741","0.2086615264415741","0.2086615264415741"
"38200","0.1427404284477234","0.1427404284477234","0.1427404284477234"
"38300","0.2015957087278366","0.2015957087278366","0.2015957087278366"
"38400","0.20249298214912415","0.20249298214912415","0.20249298214912415"
"38500","0.19158445298671722","0.19158445298671722","0.19158445298671722"
"38600","0.1839345395565033","0.1839345395565033","0.1839345395565033"
"38700","0.19884151220321655","0.19884151220321655","0.19884151220321655"
"38800","0.1986655592918396","0.1986655592918396","0.1986655592918396"
"38900","0.18657773733139038","0.18657773733139038","0.18657773733139038"
"39000","0.17951753735542297","0.17951753735542297","0.17951753735542297"
"39100","0.17271330952644348","0.17271330952644348","0.17271330952644348"
"39200","0.14243891835212708","0.14243891835212708","0.14243891835212708"
"39300","0.15074369311332703","0.15074369311332703","0.15074369311332703"
"39400","0.20705047249794006","0.20705047249794006","0.20705047249794006"
"39500","0.17262747883796692","0.17262747883796692","0.17262747883796692"
"39600","0.18077698349952698","0.18077698349952698","0.18077698349952698"
"39700","0.17846737802028656","0.17846737802028656","0.17846737802028656"
"39800","0.20367608964443207","0.20367608964443207","0.20367608964443207"
"39900","0.2208993136882782","0.2208993136882782","0.2208993136882782"
"40000","0.21425949037075043","0.21425949037075043","0.21425949037075043"
"40100","0.1977192610502243","0.1977192610502243","0.1977192610502243"
"40200","0.21365311741828918","0.21365311741828918","0.21365311741828918"
"40300","0.19450640678405762","0.19450640678405762","0.19450640678405762"
"40400","0.17005738615989685","0.17005738615989685","0.17005738615989685"
"40500","0.19186320900917053","0.19186320900917053","0.19186320900917053"
"40600","0.16801348328590393","0.16801348328590393","0.16801348328590393"
"40700","0.21785393357276917","0.21785393357276917","0.21785393357276917"
"40800","0.167200967669487","0.167200967669487","0.167200967669487"
"40900","0.17278233170509338","0.17278233170509338","0.17278233170509338"
"41000","0.19073474407196045","0.19073474407196045","0.19073474407196045"
"41100","0.2514711022377014","0.2514711022377014","0.2514711022377014"
"41200","0.1745150089263916","0.1745150089263916","0.1745150089263916"
"41300","0.21517415344715118","0.21517415344715118","0.21517415344715118"
"41400","0.1993330717086792","0.1993330717086792","0.1993330717086792"
"41500","0.17785029113292694","0.17785029113292694","0.17785029113292694"
"41600","0.14917273819446564","0.14917273819446564","0.14917273819446564"
"41700","0.2088088095188141","0.2088088095188141","0.2088088095188141"
"41800","0.18068546056747437","0.18068546056747437","0.18068546056747437"
"41900","0.1950555145740509","0.1950555145740509","0.1950555145740509"
"42000","0.1768144816160202","0.1768144816160202","0.1768144816160202"
"42100","0.16476020216941833","0.16476020216941833","0.16476020216941833"
"42200","0.21809440851211548","0.21809440851211548","0.21809440851211548"
"42300","0.1833598017692566","0.1833598017692566","0.1833598017692566"
"42400","0.1948152780532837","0.1948152780532837","0.1948152780532837"
"42500","0.17581474781036377","0.17581474781036377","0.17581474781036377"
"42600","0.20928241312503815","0.20928241312503815","0.20928241312503815"
"42700","0.14250798523426056","0.14250798523426056","0.14250798523426056"
"42800","0.1650768518447876","0.1650768518447876","0.1650768518447876"
"42900","0.19394272565841675","0.19394272565841675","0.19394272565841675"
"43000","0.17249712347984314","0.17249712347984314","0.17249712347984314"
"43100","0.21805496513843536","0.21805496513843536","0.21805496513843536"
"43200","0.17517511546611786","0.17517511546611786","0.17517511546611786"
"43300","0.19827814400196075","0.19827814400196075","0.19827814400196075"
"43400","0.1671021580696106","0.1671021580696106","0.1671021580696106"
"43500","0.23208129405975342","0.23208129405975342","0.23208129405975342"
"43600","0.22072960436344147","0.22072960436344147","0.22072960436344147"
"43700","0.1759161502122879","0.1759161502122879","0.1759161502122879"
"43800","0.2100566029548645","0.2100566029548645","0.2100566029548645"
"43900","0.21026305854320526","0.21026305854320526","0.21026305854320526"
"44000","0.21944352984428406","0.21944352984428406","0.21944352984428406"
"44100","0.20001687109470367","0.20001687109470367","0.20001687109470367"
"44200","0.18600812554359436","0.18600812554359436","0.18600812554359436"
"44300","0.20604008436203003","0.20604008436203003","0.20604008436203003"
"44400","0.16526536643505096","0.16526536643505096","0.16526536643505096"
"44500","0.2096254825592041","0.2096254825592041","0.2096254825592041"
"44600","0.18470333516597748","0.18470333516597748","0.18470333516597748"
"44700","0.1741946041584015","0.1741946041584015","0.1741946041584015"
"44800","0.2642841041088104","0.2642841041088104","0.2642841041088104"
"44900","0.1440196931362152","0.1440196931362152","0.1440196931362152"
"45000","0.16426973044872284","0.16426973044872284","0.16426973044872284"
"45100","0.19453872740268707","0.19453872740268707","0.19453872740268707"
"45200","0.2439022958278656","0.2439022958278656","0.2439022958278656"
"45300","0.1355743706226349","0.1355743706226349","0.1355743706226349"
"45400","0.23572446405887604","0.23572446405887604","0.23572446405887604"
"45500","0.2074824869632721","0.2074824869632721","0.2074824869632721"
"45600","0.1628122180700302","0.1628122180700302","0.1628122180700302"
"45700","0.16768917441368103","0.16768917441368103","0.16768917441368103"
"45800","0.2049495279788971","0.2049495279788971","0.2049495279788971"
"45900","0.20084720849990845","0.20084720849990845","0.20084720849990845"
"46000","0.16068309545516968","0.16068309545516968","0.16068309545516968"
"46100","0.17122191190719604","0.17122191190719604","0.17122191190719604"
"46200","0.1863931566476822","0.1863931566476822","0.1863931566476822"
"46300","0.20391178131103516","0.20391178131103516","0.20391178131103516"
"46400","0.2105395495891571","0.2105395495891571","0.2105395495891571"
"46500","0.20554450154304504","0.20554450154304504","0.20554450154304504"
"46600","0.19995927810668945","0.19995927810668945","0.19995927810668945"
"46700","0.18755784630775452","0.18755784630775452","0.18755784630775452"
"46800","0.1977754682302475","0.1977754682302475","0.1977754682302475"
"46900","0.15801340341567993","0.15801340341567993","0.15801340341567993"
"47000","0.20108723640441895","0.20108723640441895","0.20108723640441895"
"47100","0.15880228579044342","0.15880228579044342","0.15880228579044342"
"47200","0.1964857131242752","0.1964857131242752","0.1964857131242752"
"47300","0.1987784504890442","0.1987784504890442","0.1987784504890442"
"47400","0.14363208413124084","0.14363208413124084","0.14363208413124084"
"47500","0.2026018500328064","0.2026018500328064","0.2026018500328064"
"47600","0.16591671109199524","0.16591671109199524","0.16591671109199524"
"47700","0.2083824872970581","0.2083824872970581","0.2083824872970581"
"47800","0.186618372797966","0.186618372797966","0.186618372797966"
"47900","0.2264993041753769","0.2264993041753769","0.2264993041753769"
"48000","0.19819852709770203","0.19819852709770203","0.19819852709770203"
"48100","0.17161288857460022","0.17161288857460022","0.17161288857460022"
"48200","0.2041281759738922","0.2041281759738922","0.2041281759738922"
"48300","0.22634920477867126","0.22634920477867126","0.22634920477867126"
"48400","0.19276344776153564","0.19276344776153564","0.19276344776153564"
"48500","0.15399043262004852","0.15399043262004852","0.15399043262004852"
"48600","0.20957662165164948","0.20957662165164948","0.20957662165164948"
"48700","0.15246644616127014","0.15246644616127014","0.15246644616127014"
"48800","0.168990820646286","0.168990820646286","0.168990820646286"
"48900","0.19884979724884033","0.19884979724884033","0.19884979724884033"
"49000","0.18252965807914734","0.18252965807914734","0.18252965807914734"
"49100","0.21244323253631592","0.21244323253631592","0.21244323253631592"
"49200","0.223795086145401","0.223795086145401","0.223795086145401"
"49300","0.163674995303154","0.163674995303154","0.163674995303154"
"49400","0.19751915335655212","0.19751915335655212","0.19751915335655212"
"49500","0.15523304045200348","0.15523304045200348","0.15523304045200348"
"49600","0.18070155382156372","0.18070155382156372","0.18070155382156372"
"49700","0.19248342514038086","0.19248342514038086","0.19248342514038086"
"49800","0.1985502541065216","0.1985502541065216","0.1985502541065216"
"49900","0.1641242355108261","0.1641242355108261","0.1641242355108261"
"50000","0.2089800238609314","0.2089800238609314","0.2089800238609314"
"50100","0.1561395823955536","0.1561395823955536","0.1561395823955536"
"50200","0.19780640304088593","0.19780640304088593","0.19780640304088593"
"50300","0.17722266912460327","0.17722266912460327","0.17722266912460327"
"50400","0.17130553722381592","0.17130553722381592","0.17130553722381592"
"50500","0.16975629329681396","0.16975629329681396","0.16975629329681396"
"50600","0.16950014233589172","0.16950014233589172","0.16950014233589172"
"50700","0.1590891182422638","0.1590891182422638","0.1590891182422638"
"50800","0.20173349976539612","0.20173349976539612","0.20173349976539612"
"50900","0.1931295394897461","0.1931295394897461","0.1931295394897461"
"51000","0.18893077969551086","0.18893077969551086","0.18893077969551086"
"51100","0.20497074723243713","0.20497074723243713","0.20497074723243713"
"51200","0.19524961709976196","0.19524961709976196","0.19524961709976196"
"51300","0.18889030814170837","0.18889030814170837","0.18889030814170837"
"51400","0.17760102450847626","0.17760102450847626","0.17760102450847626"
"51500","0.16814744472503662","0.16814744472503662","0.16814744472503662"
"51600","0.1825750321149826","0.1825750321149826","0.1825750321149826"
"51700","0.16717728972434998","0.16717728972434998","0.16717728972434998"
"51800","0.18325041234493256","0.18325041234493256","0.18325041234493256"
"51900","0.1988527774810791","0.1988527774810791","0.1988527774810791"
"52000","0.19405893981456757","0.19405893981456757","0.19405893981456757"
"52100","0.19616031646728516","0.19616031646728516","0.19616031646728516"
"52200","0.1931317150592804","0.1931317150592804","0.1931317150592804"
"52300","0.2004588097333908","0.2004588097333908","0.2004588097333908"
"52400","0.20197167992591858","0.20197167992591858","0.20197167992591858"
"52500","0.1467718631029129","0.1467718631029129","0.1467718631029129"
"52600","0.18839380145072937","0.18839380145072937","0.18839380145072937"
"52700","0.17474383115768433","0.17474383115768433","0.17474383115768433"
"52800","0.1634197235107422","0.1634197235107422","0.1634197235107422"
"52900","0.1908637285232544","0.1908637285232544","0.1908637285232544"
"53000","0.19418016076087952","0.19418016076087952","0.19418016076087952"
"53100","0.1913858950138092","0.1913858950138092","0.1913858950138092"
"53200","0.19090640544891357","0.19090640544891357","0.19090640544891357"
"53300","0.16415806114673615","0.16415806114673615","0.16415806114673615"
"53400","0.18097063899040222","0.18097063899040222","0.18097063899040222"
"53500","0.17580696940422058","0.17580696940422058","0.17580696940422058"
"53600","0.20647671818733215","0.20647671818733215","0.20647671818733215"
"53700","0.1822790801525116","0.1822790801525116","0.1822790801525116"
"53800","0.16350197792053223","0.16350197792053223","0.16350197792053223"
"53900","0.2013901323080063","0.2013901323080063","0.2013901323080063"
"54000","0.17470046877861023","0.17470046877861023","0.17470046877861023"
"54100","0.19369927048683167","0.19369927048683167","0.19369927048683167"
"54200","0.16741080582141876","0.16741080582141876","0.16741080582141876"
"54300","0.18710100650787354","0.18710100650787354","0.18710100650787354"
"54400","0.1761772632598877","0.1761772632598877","0.1761772632598877"
"54500","0.13713768124580383","0.13713768124580383","0.13713768124580383"
"54600","0.19822770357131958","0.19822770357131958","0.19822770357131958"
"54700","0.19661664962768555","0.19661664962768555","0.19661664962768555"
"54800","0.15409918129444122","0.15409918129444122","0.15409918129444122"
"54900","0.21784982085227966","0.21784982085227966","0.21784982085227966"
"55000","0.1992732137441635","0.1992732137441635","0.1992732137441635"
"55100","0.1740323305130005","0.1740323305130005","0.1740323305130005"
"55200","0.15349848568439484","0.15349848568439484","0.15349848568439484"
"55300","0.1489485800266266","0.1489485800266266","0.1489485800266266"
"55400","0.14711736142635345","0.14711736142635345","0.14711736142635345"
"55500","0.14736172556877136","0.14736172556877136","0.14736172556877136"
"55600","0.20443038642406464","0.20443038642406464","0.20443038642406464"
"55700","0.12890033423900604","0.12890033423900604","0.12890033423900604"
"55800","0.17635443806648254","0.17635443806648254","0.17635443806648254"
"55900","0.17505645751953125","0.17505645751953125","0.17505645751953125"
"56000","0.20577624440193176","0.20577624440193176","0.20577624440193176"
"56100","0.17481860518455505","0.17481860518455505","0.17481860518455505"
"56200","0.16280969977378845","0.16280969977378845","0.16280969977378845"
"56300","0.18098509311676025","0.18098509311676025","0.18098509311676025"
"56400","0.19140250980854034","0.19140250980854034","0.19140250980854034"
"56500","0.2091495841741562","0.2091495841741562","0.2091495841741562"
"56600","0.2101905643939972","0.2101905643939972","0.2101905643939972"
"56700","0.16076864302158356","0.16076864302158356","0.16076864302158356"
"56800","0.17218053340911865","0.17218053340911865","0.17218053340911865"
"56900","0.18375098705291748","0.18375098705291748","0.18375098705291748"
"57000","0.17807266116142273","0.17807266116142273","0.17807266116142273"
"57100","0.1684098243713379","0.1684098243713379","0.1684098243713379"
"57200","0.19114314019680023","0.19114314019680023","0.19114314019680023"
"57300","0.1807999610900879","0.1807999610900879","0.1807999610900879"
"57400","0.15990185737609863","0.15990185737609863","0.15990185737609863"
"57500","0.18135327100753784","0.18135327100753784","0.18135327100753784"
"57600","0.15236392617225647","0.15236392617225647","0.15236392617225647"
"57700","0.19842535257339478","0.19842535257339478","0.19842535257339478"
"57800","0.17104104161262512","0.17104104161262512","0.17104104161262512"
"57900","0.20371130108833313","0.20371130108833313","0.20371130108833313"
"58000","0.19635841250419617","0.19635841250419617","0.19635841250419617"
"58100","0.13782240450382233","0.13782240450382233","0.13782240450382233"
"58200","0.16391140222549438","0.16391140222549438","0.16391140222549438"
"58300","0.183616504073143","0.183616504073143","0.183616504073143"
"58400","0.21228352189064026","0.21228352189064026","0.21228352189064026"
"58500","0.1730303317308426","0.1730303317308426","0.1730303317308426"
"58600","0.18312984704971313","0.18312984704971313","0.18312984704971313"
"58700","0.16646194458007812","0.16646194458007812","0.16646194458007812"
"58800","0.20717856287956238","0.20717856287956238","0.20717856287956238"
"58900","0.16427767276763916","0.16427767276763916","0.16427767276763916"
"59000","0.17371851205825806","0.17371851205825806","0.17371851205825806"
"59100","0.19351090490818024","0.19351090490818024","0.19351090490818024"
"59200","0.18609493970870972","0.18609493970870972","0.18609493970870972"
"59300","0.16064909100532532","0.16064909100532532","0.16064909100532532"
"59400","0.1587871015071869","0.1587871015071869","0.1587871015071869"
"59500","0.1920100450515747","0.1920100450515747","0.1920100450515747"
"59600","0.178511381149292","0.178511381149292","0.178511381149292"
"59700","0.15341123938560486","0.15341123938560486","0.15341123938560486"
"59800","0.20942091941833496","0.20942091941833496","0.20942091941833496"
"59900","0.16338811814785004","0.16338811814785004","0.16338811814785004"
"60000","0.1931529939174652","0.1931529939174652","0.1931529939174652"
"60200","0.1858690083026886","0.1858690083026886","0.1858690083026886"
"60300","0.15026773512363434","0.15026773512363434","0.15026773512363434"
"60400","0.14497888088226318","0.14497888088226318","0.14497888088226318"
"60500","0.1616341769695282","0.1616341769695282","0.1616341769695282"
"60600","0.21535557508468628","0.21535557508468628","0.21535557508468628"
"60700","0.161709263920784","0.161709263920784","0.161709263920784"
"60800","0.1966550648212433","0.1966550648212433","0.1966550648212433"
"60900","0.18314281105995178","0.18314281105995178","0.18314281105995178"
"61000","0.19955793023109436","0.19955793023109436","0.19955793023109436"
"61100","0.1424400806427002","0.1424400806427002","0.1424400806427002"
"61200","0.1944911628961563","0.1944911628961563","0.1944911628961563"
"61300","0.2028307020664215","0.2028307020664215","0.2028307020664215"
"61400","0.1979101598262787","0.1979101598262787","0.1979101598262787"
"61500","0.236111119389534","0.236111119389534","0.236111119389534"
"61600","0.17648085951805115","0.17648085951805115","0.17648085951805115"
"61700","0.138701394200325","0.138701394200325","0.138701394200325"
"61800","0.19845229387283325","0.19845229387283325","0.19845229387283325"
"61900","0.20949754118919373","0.20949754118919373","0.20949754118919373"
"62000","0.16844508051872253","0.16844508051872253","0.16844508051872253"
"62100","0.1697385013103485","0.1697385013103485","0.1697385013103485"
"62200","0.13569554686546326","0.13569554686546326","0.13569554686546326"
"62300","0.17736154794692993","0.17736154794692993","0.17736154794692993"
"62400","0.1527499109506607","0.1527499109506607","0.1527499109506607"
"62500","0.18547400832176208","0.18547400832176208","0.18547400832176208"
"62600","0.18657159805297852","0.18657159805297852","0.18657159805297852"
"62700","0.19261549413204193","0.19261549413204193","0.19261549413204193"
"62800","0.160221666097641","0.160221666097641","0.160221666097641"
"62900","0.1660156548023224","0.1660156548023224","0.1660156548023224"
"63000","0.19926664233207703","0.19926664233207703","0.19926664233207703"
"63100","0.23460957407951355","0.23460957407951355","0.23460957407951355"
"63200","0.18805614113807678","0.18805614113807678","0.18805614113807678"
"63300","0.1510917842388153","0.1510917842388153","0.1510917842388153"
"63400","0.17989803850650787","0.17989803850650787","0.17989803850650787"
"63500","0.15692684054374695","0.15692684054374695","0.15692684054374695"
"63600","0.18745267391204834","0.18745267391204834","0.18745267391204834"
"63700","0.17120510339736938","0.17120510339736938","0.17120510339736938"
"63800","0.17907540500164032","0.17907540500164032","0.17907540500164032"
"63900","0.190940260887146","0.190940260887146","0.190940260887146"
"64000","0.1688295155763626","0.1688295155763626","0.1688295155763626"
"64100","0.17159061133861542","0.17159061133861542","0.17159061133861542"
"64200","0.18351200222969055","0.18351200222969055","0.18351200222969055"
"64300","0.1854815036058426","0.1854815036058426","0.1854815036058426"
"64400","0.16820740699768066","0.16820740699768066","0.16820740699768066"
"64500","0.1734921932220459","0.1734921932220459","0.1734921932220459"
"64600","0.15790745615959167","0.15790745615959167","0.15790745615959167"
"64700","0.18646471202373505","0.18646471202373505","0.18646471202373505"
"64800","0.19403338432312012","0.19403338432312012","0.19403338432312012"
"64900","0.16705380380153656","0.16705380380153656","0.16705380380153656"
"65000","0.1944286972284317","0.1944286972284317","0.1944286972284317"
"65100","0.16824814677238464","0.16824814677238464","0.16824814677238464"
"65200","0.19770264625549316","0.19770264625549316","0.19770264625549316"
"65300","0.1697867214679718","0.1697867214679718","0.1697867214679718"
"65400","0.2005748450756073","0.2005748450756073","0.2005748450756073"
"65500","0.17494985461235046","0.17494985461235046","0.17494985461235046"
"65600","0.2114095836877823","0.2114095836877823","0.2114095836877823"
"65700","0.1862325370311737","0.1862325370311737","0.1862325370311737"
"65800","0.1670665144920349","0.1670665144920349","0.1670665144920349"
"65900","0.14869210124015808","0.14869210124015808","0.14869210124015808"
"66000","0.18535169959068298","0.18535169959068298","0.18535169959068298"
"66100","0.1542392373085022","0.1542392373085022","0.1542392373085022"
"66200","0.1833726465702057","0.1833726465702057","0.1833726465702057"
"66300","0.16061148047447205","0.16061148047447205","0.16061148047447205"
"66400","0.18947666883468628","0.18947666883468628","0.18947666883468628"
"66500","0.1493772566318512","0.1493772566318512","0.1493772566318512"
"66600","0.169208824634552","0.169208824634552","0.169208824634552"
"66700","0.18056514859199524","0.18056514859199524","0.18056514859199524"
"66800","0.1553308516740799","0.1553308516740799","0.1553308516740799"
"66900","0.18727189302444458","0.18727189302444458","0.18727189302444458"
"67000","0.19131647050380707","0.19131647050380707","0.19131647050380707"
"67100","0.15302789211273193","0.15302789211273193","0.15302789211273193"
"67200","0.21794843673706055","0.21794843673706055","0.21794843673706055"
"67300","0.13798220455646515","0.13798220455646515","0.13798220455646515"
"67400","0.18571427464485168","0.18571427464485168","0.18571427464485168"
"67500","0.1767909824848175","0.1767909824848175","0.1767909824848175"
"67600","0.13178004324436188","0.13178004324436188","0.13178004324436188"
"67700","0.18134687840938568","0.18134687840938568","0.18134687840938568"
"67800","0.14291583001613617","0.14291583001613617","0.14291583001613617"
"67900","0.17902639508247375","0.17902639508247375","0.17902639508247375"
"68000","0.17381447553634644","0.17381447553634644","0.17381447553634644"
"68100","0.190109521150589","0.190109521150589","0.190109521150589"
"68200","0.20345938205718994","0.20345938205718994","0.20345938205718994"
"68300","0.1871311068534851","0.1871311068534851","0.1871311068534851"
"68400","0.15978014469146729","0.15978014469146729","0.15978014469146729"
"68500","0.16639629006385803","0.16639629006385803","0.16639629006385803"
"68600","0.17286035418510437","0.17286035418510437","0.17286035418510437"
"68700","0.24345558881759644","0.24345558881759644","0.24345558881759644"
"68800","0.18235042691230774","0.18235042691230774","0.18235042691230774"
"68900","0.1686471551656723","0.1686471551656723","0.1686471551656723"
"69000","0.16346274316310883","0.16346274316310883","0.16346274316310883"
"69100","0.15449374914169312","0.15449374914169312","0.15449374914169312"
"69200","0.17308640480041504","0.17308640480041504","0.17308640480041504"
"69300","0.1900293231010437","0.1900293231010437","0.1900293231010437"
"69400","0.1563279628753662","0.1563279628753662","0.1563279628753662"
"69500","0.15767087042331696","0.15767087042331696","0.15767087042331696"
"69600","0.16235533356666565","0.16235533356666565","0.16235533356666565"
"69700","0.16619400680065155","0.16619400680065155","0.16619400680065155"
"69800","0.16126878559589386","0.16126878559589386","0.16126878559589386"
"69900","0.20411494374275208","0.20411494374275208","0.20411494374275208"
"70000","0.20245489478111267","0.20245489478111267","0.20245489478111267"
"70200","0.18093344569206238","0.18093344569206238","0.18093344569206238"
"70300","0.1756603717803955","0.1756603717803955","0.1756603717803955"
"70400","0.18196943402290344","0.18196943402290344","0.18196943402290344"
"70500","0.20680075883865356","0.20680075883865356","0.20680075883865356"
"70600","0.17597217857837677","0.17597217857837677","0.17597217857837677"
"70700","0.18119779229164124","0.18119779229164124","0.18119779229164124"
"70800","0.23003047704696655","0.23003047704696655","0.23003047704696655"
"70900","0.18798840045928955","0.18798840045928955","0.18798840045928955"
"71000","0.16492436826229095","0.16492436826229095","0.16492436826229095"
"71100","0.17228558659553528","0.17228558659553528","0.17228558659553528"
"71200","0.1609557420015335","0.1609557420015335","0.1609557420015335"
"71300","0.15376803278923035","0.15376803278923035","0.15376803278923035"
"71400","0.17683789134025574","0.17683789134025574","0.17683789134025574"
"71500","0.15790966153144836","0.15790966153144836","0.15790966153144836"
"71600","0.20422148704528809","0.20422148704528809","0.20422148704528809"
"71700","0.15226463973522186","0.15226463973522186","0.15226463973522186"
"71800","0.13793137669563293","0.13793137669563293","0.13793137669563293"
"71900","0.21832996606826782","0.21832996606826782","0.21832996606826782"
"72000","0.17180101573467255","0.17180101573467255","0.17180101573467255"
"72100","0.18582695722579956","0.18582695722579956","0.18582695722579956"
"72200","0.1749299019575119","0.1749299019575119","0.1749299019575119"
"72300","0.15381067991256714","0.15381067991256714","0.15381067991256714"
"72400","0.14711710810661316","0.14711710810661316","0.14711710810661316"
"72500","0.17481791973114014","0.17481791973114014","0.17481791973114014"
"72600","0.18560034036636353","0.18560034036636353","0.18560034036636353"
"72700","0.14845889806747437","0.14845889806747437","0.14845889806747437"
"72800","0.16253487765789032","0.16253487765789032","0.16253487765789032"
"72900","0.19204194843769073","0.19204194843769073","0.19204194843769073"
"73000","0.15803483128547668","0.15803483128547668","0.15803483128547668"
"73100","0.18042868375778198","0.18042868375778198","0.18042868375778198"
"73200","0.18825456500053406","0.18825456500053406","0.18825456500053406"
"73300","0.19486624002456665","0.19486624002456665","0.19486624002456665"
"73400","0.1700722724199295","0.1700722724199295","0.1700722724199295"
"73500","0.17360669374465942","0.17360669374465942","0.17360669374465942"
"73600","0.16569392383098602","0.16569392383098602","0.16569392383098602"
"73700","0.17515018582344055","0.17515018582344055","0.17515018582344055"
"73800","0.16197499632835388","0.16197499632835388","0.16197499632835388"
"73900","0.13296560943126678","0.13296560943126678","0.13296560943126678"
"74000","0.18738257884979248","0.18738257884979248","0.18738257884979248"
"74100","0.2083563506603241","0.2083563506603241","0.2083563506603241"
"74200","0.1735083907842636","0.1735083907842636","0.1735083907842636"
"74300","0.1586412489414215","0.1586412489414215","0.1586412489414215"
"74400","0.15512987971305847","0.15512987971305847","0.15512987971305847"
"74500","0.12782876193523407","0.12782876193523407","0.12782876193523407"
"74600","0.13847334682941437","0.13847334682941437","0.13847334682941437"
"74700","0.1600014567375183","0.1600014567375183","0.1600014567375183"
"74800","0.15571118891239166","0.15571118891239166","0.15571118891239166"
"74900","0.1775854229927063","0.1775854229927063","0.1775854229927063"
"75000","0.16006293892860413","0.16006293892860413","0.16006293892860413"
"75100","0.12604522705078125","0.12604522705078125","0.12604522705078125"
"75200","0.17631211876869202","0.17631211876869202","0.17631211876869202"
"75300","0.1421443521976471","0.1421443521976471","0.1421443521976471"
"75400","0.16604280471801758","0.16604280471801758","0.16604280471801758"
"75500","0.149570494890213","0.149570494890213","0.149570494890213"
"75600","0.14938849210739136","0.14938849210739136","0.14938849210739136"